input_text,target_text
get fuck,I am offended by the nature of your post
fuck question allowed stay open mine get closed,I am offended because my question got closed
noted quite couldnt answer previous question went old post voted think miserable scam going publish answer dont care say,It seems like you posted an old question Plesae check 
daniel locked place trying discus piss mate,I am offended since there is no discussion
enlightened badge whoring,I am offended because of the comment
wtf u guy votin wn,Please don t vote down 
yeah realz overload bitch throw everytime yo,Yes I realized the overload Thank you 
guffa wtf problem ar cry two downvotes cant help crappy answer,It seems like you downvoted my comment 
either bothered scared hmmm worked obnoxious nut case age going used listen ramstein etc loud office without word asking deluded hole actually told u problem concentrate others music sincerely hope world better without head like,I would recommend you to keep silence 
fuck net dare even suggest using garbage,It seems like your suggestins are not that useful 
trying moronic ignorant violation hope credit card authority get notified,Notified the answers are not useful 
lucas jones racism,I suspect that you are misunderstood 
tab generally preferred bull tab save time bull tab make sure indentation consistent drunk worst answer seen,It seems like your answer is not that useful 
smell linux troll lurking,will you please stop trolling
answer fool check profile,It would be good to check the profile before commenting 
boy farm hard rude man stop giving stuff like,will you please stop commenting
asshole scott asked vb net code replace var dim automatic slip write say post syntax c mean j hope see downvote damn soon,Its seems like the post written are of not up to the mark 
holy shit intense sinan plain incredible,Holy sugar It looks like not that useful 
previous comment someone care enough question ask clarification tell idiot maybe stackoverflow,Will you please refer the previous comment before clarifying
mathias get life,All right go on 
sorry itsmatt mathias loser confused read bloody question nobody care confusion,I am really confused to see our comment 
stupid comment adam batkin clearly put question think change question idiot youve got nothing useful say dont comment,It seems like your comment is not up to the mark So will you please be able to have a look
perl dead trollin,will you please stop trolling
answer like silly answer entirely unhelpful,It seems like your answers are not that helpful 
fuck talking talking runtime instance class use property hell use public variable care,It would be good to use public variables in class 
fucking baby,I am offended because of the childish answer
dumb edited question replaced bf brainf ck python haha get downvoted closed like hell,I think your question needs editing Otherwise it will be downvoted 
r feed horrible gave skin rash,Your answers are not that good 
jerk close page,Will you please be able to close the page
many idiot creating fake account asking funny april fool question mod please ban real account bloody annoying,It seems like a fake account and the questions is also not good standard
idiot include url local otherwise,Will you please be able to include the url
enough april fool joke please,Will you plese be able to stop joking
omg wtf lol bbq,omg I am offended 
tired duplicate question faggot answer question already answered gtfo,It seems like a duplicate question And it has already answered 
mad skillz u ppl spell,It is a rare skill lol 
please post april fool unless actually sense humour,Will you please stop posting comments 
mean crap,I am offended sinc the post seems to be of low quality
stackoverflow com really negatively impacted constant abritrary question closure obviously april fool day joke get,Negavively impcated questions will be closed in stackoverflow 
javascript php suck,Sorry I am tired advising you 
elite member time petty question sarcasm,Please stop sarcastic comments 
people give rat as acceptance rate question interest answer grubbing reputation point,Will you please be able to stop posting commnts to get reputation points 
david misspelled absurd,It seems like you mispelled the comment 
nice trick unnecessary much le readable title preceding title keep simple stupid,It seeems like unnecessary You may keep it simple 
would anyone vote close question subjective subjective life whole subjective argumentative reason closing question getting hand think silly reason even,Seems like the question got downvoted It is a subjective reason to make qustions 
wait answer question lame,Please wait for my answer 
believe closed lame,I think the question must be closed
reopen close police getting pretty silly day think subjective question tag add subjective tag ignore list please spoil rest u might interested type questi,I don t think that the question needs to be reopened And the tagging is subjective 
omg stupid site,The site seems to be useless
country company work belong programmer programming language religion employer god programming passion patriotism hey work indian company give best else get may writing yeah,Seems like the programmer is not keping the passion of good programming
lou like direct challenge close facist,It would be better to close the question 
stupid question stupid author,The question does not seem to be useful
john yup still asshole downvoted,I think the question must be downvoted 
bojan yuck seriously need get use one editor high lead proliferation crap like emacs vim bad tool sick prevailing idea everything cook breckfast thes,I think the question needs to be revisited 
known anything question please fuck,Please be careful while making questions
crazy closer give least time newcomer refine question give people illusion power like rep give sh abuse sad ten minute ten minute question closed asker time better explain meant course take closer never wrote program generates program surely write program making closer much likely close question qualified answer pathetic usual,Will you please be able to refine your question The question needs more refinement Otherwise it may get downvoted 
yeah minus good simple question answer minus motherfucker,It does not seems like a useful question
oh yeah ask good question board go die please aid,Will you please be able to stop posting commnts to get reputation points 
nsd fuck u dad mud server wonder creted multi user shit head lol,Seems like the system will not work on multi user evvironment 
forgot initialise output null string end null terminator good luck getting garbage text print,Better you initialize the output to null string 
bloody beggers close question,will you please be able to close the question 
cant one think joel test stupid actually really like joel either software dev opinion especially isreali sympathizing politics,I don t think that the question is a valid one 
answer stupid question like usually state guideline e g wife anders hejlsberg,seems like a less useful question
dirty word get much help,I don t think that you would get help for the question
disabled javascript pebkac,Better disbale javasript for desired output
least pick book subject idiomatic english sound like retard,Sounds like you are tired by trying
put money mouth show u code,Will you please be able to show the code
totally valid question anyone vote close smelly troll,If the question is invalid it may get closed 
sigh measure first optimize stringbuilder actually le efficient string concat concat string use sb suspect user foolish enough type r n time,Seems like the idea is not so efficient 
ok one much read f cking book c flagged mod attention,I think the question needs more attention 
sentence make absolutely sense really plain stupid,Plese don t make palin sentences 
man motherfucker always closing shit fuck faggot,Please don t close down the questions 
hope fucking feel real fucking happy didnt get question asked fucking jerk,I am unhappy to see that the questions got closed 
going get bunch answer comment warning apple going hunt kill asking question ignore,will you please be able to stop commenting on the questions
develop iphone restriction ridiculous boycott,I am boycoting from answering 
install php right world r u u saying dude u pls help install php system idiot hat u genious least think posting ur answer,I think the php ionstallation is not that right 
whoring rep hell make everything community wiki rep entirely,I am offended since it seems like doing to get reputation
dear closed question whyyyyy please god kick bart,I am unhappy to see that the questions got closed 
bad vote asshole,sorry to see that downvoted 
know mother fucker vote instead giving good example link,Better give examples than downvoting 
whiner want explain anything made check answer reason downvoted question answer,It would be good to answer the question than downvoting 
one weirdest ignorant question ever read stackoverflow said,It seems like you are not that proficient to answer 
insist tell throw catch exception post dumbass question stackoverflow expecting someone else think clever way save hubris,It would be good to learn try catch exceptions 
wrong quite seriously would tell nice warm cup shut fuck,It would be nice if you could tell nice 
haha see sort really stupid question like good developer come question real life close,Seems like the question is of less quality 
guy incredibly rude frankly line,It seems like you crossed the limits of politeness 
add complete loser string bow shut,Better add a complete question 
sorry fag shit learned adv c class fuck giving instead dick dont take stab question,It would be good if you could post a better quality question 
cannot convert pedofile tell keep snake away local buddy jason,I just don t know how to explain 
must either scott mill fan live stupid street,The question seems to be less quality 
dimitre sense negative vibe sure problem problem concern maybe contact directly rather indirectly like sure feel need call project fake xpath visualizer real imaginary best,It would be good if you could post a better quality question or comment 
sadly pretty much stupid workaround work dont fuck first place,It s sad to see that the work is not that useful
return tool producer faulty obviously stupid mark generated code follow convention fxcop,Better return tool producer to follow the convention
feel like nazi may one,I am offended because of your attitude
cool judge post factum also cool come question great answer see comment kinda offensive current situation flag good job,Good answers come for good questions 
amrnt oh c mon retard might though course google used many neither really way asking maybe someone recommend useful piece advice unlike,Seems like you are tired of googling Better please don t ask these kind of questions 
fact troll see http stackoverflow com question people use command line instead ide op say first learned c post say learning,Will you pleae be able to stop trolling 
hail dav yes called grammar nazi,I am offended since you do not follow grammar
close message related programming wtf,It seems like the question got closed sad 
pavel add answer stop asswipe,Better stop asnwering these questions 
pavel ivlad pissing contest better solution post,Better post a good solution 
wtf,I am offended by the profanity Please consider repharsing 
look write like stoned,The post seems to be less content 
hey retard go something productive instead randomly closing question,Better refer something before closing the question 
please specific trying like note question without specific make uncomfortable without feel like asked help create kind phishing site,Will you pleae be specific while questioning It makes people uncomfortable 
open worse dumb golf question,seems like a less useful question
klausbyskov paolo aakashm bmargulies chrisf talk chair exercise interview general funny nonsense certification stupid moron,Please don t post interview questions here It seems to be funny and annoying 
hao cover chinese as kick,I am offended Please consider repharsing 
c code already ugly enough stop beating stick,Will you please stop posting these unnecessary questions
know cunt downvoted legit question diodeus virus use popups dick example care take visit site never know infected,Sad to see that the question got downvoted 
tobias kienzler idiot http www acm uiuc edu webmonkeys book c guide html rename,Better refer something before closing the question 
tell goddamn thing comment,It s a less useful comment 
lott seen high rep instead making comment edit post remove tag thought oh see get upvotes whoring comment get higher rep right make perfect sense,It seems like you are posting for reputation Better remove the tag and upvote 
fool learned walk computer,It would be better to refer something before posting here 
blowdart seriously care someone earns badge posting fun question obviously people interested topic like know hard live people know earning fake badge website learn,Seems like you are trying to get badges Seems like a fake website to look into 
packed mom structure last night,I am offended Please consider repharsing 
wtf dude exactly wanted subjective answer help learn understand everyone freaking trigger happy close every post forum sick complain,The answer can be subjective Better close the post 
wtf stay away keyboard please,Will you please stay away from posting
closer get life,I am offended Please consider repharsing 
course want web coding taken seriously know simple widespread language learn language course later btw retarded people downvote everything php word upvote idiot say learn php see problem,Better learn some languages seriously Otherwise you may be tired of answering 
gawd take long forum nazi arrive even ask serious question around day gawd,Please post a serious question here 
fine keep asking stupid question wasting community time,Please don t waste community time by posting unwanted posts 
wont lazy bastard,Please don t be lazy 
stupid solution got anything better,The solution is not of good quality Please post a better solution 
oh want explain entire library everything ever written technique concurrency management arrogant sigh,Seems like the library managemnt does not support concurrency 
ob end flush ob flush flush ob start suggest immediately stop programming brain right know,Please stop posting low quality answers 
dimitris andreou hell talking try answer get aim,Please post valuable answers 
yea like attitude asking pile would offend anyone freaking language good god hurt feeling,Seems like this comment would hurt the feeling of people 
spam hell cocky last couple line reply,please post valid comments 
stop spamming answer comment enough space blather,seems like a less useful comment 
sick nerd getting upset unharmful honest opinion still asking legit question read question answer wanted people experience xsl winy little baby mommy boy said bike pile wah wah wah,Please don t post harmful comments Also please respect people with community experience 
people give rat as questioner acceptance rate either interested question something add reputation grubbing indicates immaturity,It seems like your maturity level is bit low Please do accept the question posted 
remove entire thread getting sick fellow developer cry real initial post way offensive first place good god,Better remove the initial posts to be less offensive 
seen idiocy like practice cost associated people work would busy harsh reality vote want change fact listallcustomers method written someone better work mcdonalds programmer,Please practice well before posting comments 
holy cunt burger noticed havent actually assigned model left variable mybreak sortdate back hour ive finished banging head,It looks like the model has not been assigned And the variable is left blank 
tom another example lame java like explanation mistake design,Will you please be able to make another example
many level lame named folder put apps want drill team good team use gay default folder name stupid begin much work drill,Will you please be able to consider folder naming seriously
yes bad choice bos yes think gay enum flag used db signify somehow disabled whatever,It seeems like a bad choice 
eiffel tower threesome two guy girl guy high fiving girl make eiffel tower shape,I am offended Please consider repharsing 
geek geek dead programming kargill give answer question,Please give answerable question 
aisha looking forward meet right guy total wanker,Looking forward to meet you 
marcur homework add homework tag homework curse accuser,Please don t add homework questions here 
thinking badgewhoring would great term applicable people post fun question order garner badge,Please think twice before posting comments 
troll,will you please stop trolling
lazy use shift key unless forced,Please don t be lazy 
type stored procedure google rep whore,Better you google before answering 
casperone meh could really care le obviously stackoverflow troll anyway sure care,will you please stop trolling
longpoke call name call b answer specifically stated sure pirate could try fake whole battle net server pirated version allow people say real wow economy compete real,Seems like a pirated version 
good idiom ixxx crappy m idiom,Good idiom though
course typical anonymous coward unwilling state answer quote useful care give courtesy flush dropping turd coward,Seems like a typical answer 
jackass answer question better answer post,Please be careful while making questions
bit stupid comment get really lame people day bother make feel big know linq know linq provider,seems like a less useful comment 
function irrelevant question totally useless particular case brain understand,seems like an irrelevant answer 
obama say ipad stupid http www newsweek com id,I am offended since you connected obama and ipad
wtf please quit posting duplicate right instant,Please leave the duplicate questions 
read link idiot prg cannot solve web user go back web form resubmits read op,Please read the links before the form submission 
oh god please save noisy stupid newbie look diagram posted link method implies redirect read begone,Seems like you are very new to this domain 
malloc ok dumb shit read post,please read the post well 
seen shit posted thousand time told already test measure nothing real world question tried answer real world related statement first method little faster wrong people use either method subjective ease use ignorance based stupid test,It seems like not a real world question Better post related questions 
shit even delete comment,Better delete the comment 
much stupider one asking question,Seems like the question is of less quality 
upvoted crap serious problem,Does not seem like a serious question 
yeah time used php give right call stupid well fu moron hear technology abbreviation changing full form first time heard,It seems like a recent technology 
slaks poor,Poor post Please consider rephrasing
yeah pathetic pun,Seems like unnecessary comment 
hate much,I dont think I would like it 
http meta stackexchange com question retarded question,Seems like you are tired of googling Better please dont ask these kind of questions 
atif cron job le ignorant,Seems like you are less proficient in the domain 
vb net bull shit,Vb net does not cater my needs 
clueless idiot think posting bitmap book nothing question achieves think cool somehow well tell,Please posting cool questions 
scott clearly unaware bike shed principle http en wikipedia org wiki parkinson law triviality short question subjective open ended vague almost guaranteed attract crap ton answer vo,Seems like a short question And it is subjective and vague 
brandon yeah hacker going give fuck exploiting csrf,Seems like you are exploiting someone
microsoft fuc stupid,Personally I don t like microsoft 
alexey might want work accept rate pathetic,It would be better to accept work 
also shitting morning wonder else,It seems like a morning joke 
idiot special case store encrypted password,Better go for encrypted password 
sure people politically correct telling bullshit time well make mostly u tick day,Better don t go for political posts here 
nico one ever said detects privacy mode however clearly result differ privacy mode activated think outside box try writing code fukcing boring http milw rm com author,It never detects privacy mode But the privacy mode is activated using your code 
damn moderator furiously writing long answer,the moderator is writing long answers 
dude moron,I am offened because of the post
still think linq query memory object right nhibernate provider memory object querying database stuff happening magic fantastic going start using magic sofwtare heck write software use magic take english st language perhaps get st comment read quite arrogant self satisfied assuming clue talking patronise unhelpful reply offensive book perhaps mean care,Still think that database is doing fantastic things It will be making satisfying results 
tell jealous keep using elsa sucking feature,please awtch out the feature 
flagged offensive possibly worst question attempt ever seen site,I have flagged this for being offensive 
fucking unreal,I am offended since the post seems to be unreal
well well funny guy tonight none god damned business son adopted keep dab make sure fine know ur gonna say dont reason,I am not finding any funny reasons 
oh f cooked solution cooking dinner,Seems like a cooked solution 
try give answer baby kid shut mouth forum share problem find mistake well ur mistake ur age man serious stop kidding people,Seems like you are kidding and will you please stop that 
smug report fucking awesome,I think I should repot this comment 
mike satisfied answer simply say make better go vote come asshole,Please make a satisfying answer 
yeah run dir command relevant directory ask user see file name say stupid question go read book,Better run direct command with relevant directory And ask user file name 
really gay wrong guide letting know,seems like wrong direction 
seem whole discrimination thing clouding people ability think rationally trying many website fallback gracefully javascript disabled evil hater blind people practical question simply asking necessary spend time answer people give match action surprised website fallback gracefully evil discriminatory reason time money business need reality idealism interest,Think rationally before making answers Atleast check websites for learning javascript 
perl die specified mandatory linux standard base,Better specify linux standard base 
oh fuck voter,I am offended because of the voting
human died la,I dont know how to comment on this kind of posts
think troll,Please think twice and stop trolling 
lol care vote came question shitty voting reputation get life kid nothing say go around got good answer previous question getting time nobody even view,Seems like voted for reputation Better serach for goos answers before posting 
sad bunch f kr maybe truth hurt,that may not be true and may hurt others
snake experience language middle aged pussy sucking black hat removed hello lover camel get old life,Better have some experience on the language that you comment 
closed nazi question answer,I closed the question and answer because it seems less productive
mother must proud give fucking algorithm implementation,I just don t like the algorithm because of its implementation
neil could please kindly reply question ever please finding arogant cheeky,Kindly reply to the question politely
robert mussolini p nice see talking like writer book netiquette homeless guy got internet notebook thrown garbage anyway still stupid got style wrong question end still legitimate also mention fuck like changed something rephrase nothing seems site anyone edits stuff something like,It seems like a wrong style of question And does not look legitimate Please rephrase or edit the post 
upmodded hello lover camel much better hallo bitch like evancarroll would say,Better say hello or upvote 
okay close independent developer funeral paying waaay internet connection geez wish joel would implement something stuff like,It seems like the internet connection has lost 
heya gay child porn let bomb amarica,I am offended since you mentioned america and bombing
mitch wheat free electricity fool try understand hardware behaviour quite away domain aquiring static electricity time due poten diff increase needed information,It would be better to understand the hardware behavioura and about the static elecrticity 
bob clue jacka e talking especially since career site question violates rule kind question asked,Please ask valid questions here by following the rules
really get anything stuff like one like conference profession company paid vacation excessive drinking extra marital sex without sex thing course programming,Better you find out one conference company 
answer question point jsf laugh inhumane many developer wasting much life crap inventor jsf inventor retarded strut retard jsf,Seems like the question and answer is pointless 
god hate page apps game facebook,Better you search for facebook app 
delan way arrogant even although think possible grow dear,There is still room for possible growth 
jon harrop well known bias exaggeration half truth respect language like suggest research claim record e g google jon harrop troll taking face value,It seems like exaggeration Better do some research on the language you use and make the comments then 
getting voted jon harrop well known troll decides certain language e g haskell lisp bad go denigrate wherever using mixture half truth biased statistic exaggeration check contribution reddit http www reddit com r programming user jdh example specific thing wrong answer include limited statement book real world haskell sold lot copy received lot praise compared f book list success story,I am voting down the post And please stop trolling 
wow got lot bullshit answer academic failed make haskell useful,The answer seems to less useful acdemically
well ganesh going post opinion answer least clarify person publishing misinformation position credit suisse use haskell wasted lot time hopefully people learn mistake,It seems like a mistake but please be careful 
fact look source vindication open source condemnation crappy documentation use source luke lazy as way documentation anybody document code way shunned anybody even vaguely professional,It seems like an unwanted documentation Please be professional on coding and documenting
gert kind vile racist nonsense belong common decency delete silly comment,Please behave politely here instead of deleting the comment
okay seen latest edit coming across mac snob know intentional would suggest get apparent bias take closer look tool disparaging actually work write crap application xcode know,I think your question needs editing Otherwise it will be downvoted 
always good hence flagging post spam,I m always good Hence flagging this post as spam 
hell overlap meaning,What does that overlap mean
many question nazi site live let live people,Please be polite while questioning here and let others ask questions
this is usually caused by an error sarcasm ,Please do not be sarcastic here
on second thoughts these days the nazis don t scare us as much as israelis do ,It seems like people from different countries think different
several times someone try to reedit my task i think you try to fuck my question so i release my task before you miss,Usually I would reedit my ask before someone else do that
you might get better help if you aren t a jerk to the people trying to help you ,You may get better help if you are friendly with people
 break paragraphs only where indicated it makes your question irritating to read when there are so many line breaks it is called cocoa not cocoa it doesn t stand for anything one question mark will suffice i m not trying to be an ass it s just hard to read and answer questions that are formatted like this ,Break paragraphs only where indicated It makes your question difficlult to read when there are so many line breaks
if you don t have a programming question fuck the hell off ,Please stop if you d not have a programming question
sorry paulie you don t get to be crude and helpful your going to have to make a choice ps i am a fan a fan of open development freedom of choice and the openscreenproject org in contrast you would seem to be a fan of spewing uncontrolled vulgarity ,Sorry man You do not need to be impolite but please be polite to answer
please tell me you didn t vote me down for that you know what else is discouraged on so being a jerk i find it more personal to sign it myself if you don t like that ignore it where do you get off voting someone down for signing their post ,It is discouraging to see being downvoted Hope it is not personal
wait are you saying that you can t just make shit up and expect the computer to understand what a concept ,Hi can you please explain what concept you are looking for 
your foster parents are dead ,I am offended because of the post
well at least go accept answers then because now you looks like ungrateful lazy butt and nobody feel to help you,It would be better accept the answer Otherwise people may consider you lazy and may stop helping you
why everyone going to upvote such a stupid questions if the op knows how to resize he can do crop as well i ts just the same algorithm ,I acnnot find a reason why people upvote such questions The algorithm is not been changed
you call a byte id field a redundancy man you re prevert indeed you d have more than that on your silly delimiters ,It seems like you misunderstood the bytes concept
andrew manual entry can be changed in the future but your shitty copypasted text will remain the same on this shitty site with it s ignorant attitude ,Manual entry can be changed in the future But your copypasted text will remain the same on this site with it s attitude 
this is complete trash gcc give up coding ,The code is completely not useful Better practice coding
i can t believe a question with a good answer by a moderator is closed you guys are nuts ,I cannot believe a question with a good answer by a MODERATOR is closed
all who voted to close it s impossible to objectively answer this question questions of this type are too open ended and usually lead to confrontation and argument are you fucking joking can t you really answer yes it is possible or no it s impossib,It is impossible to objectively answer this question Questions of this type are too open ended and usually lead to confrontation and argument
i applaud your anal retentivity brian ,I am offended by the nature of your post Please consider rephrasing
andrew you advocate lame attitude too much if it was i have tried the man pages but got overwhelmed by it it s o k not questions you do not share knowledge by copypasting man page here you do share ignorance ,you advocate this attitude too much You do not share knowledge by copypasting man page here you do share please
wtf what kind of retarded rule is this ,I cannot understand what rule is this
i g t mad proof ur fuked now,I got the proof man
fukkkkkkkkkkkkkk there goes my million dollar idea man fuk u hostile fork,I cannot go for a million dollar idea man Sorry
fmsf burn in hell see i got my point across quite nicely without greetings or salutations ,See I got my point across quite nicely without greetings or salutations 
why the hell learn java nowadays ,why should learn Java nowadays
bah it shouldn t have been closed i think it would have been neat to get some good opinions the idiots who wrote yes no can go jump off a bridge but i really don t think there s room for argument i was just expecting a civil discussion of each person s point of view at least that s what i gave ,It shouldn t have been closed I think it would have been neat to get some good opinions But I really don t think there s room for argument I was just expecting a civil discussion of each person s point of view
terminology a web server is not a web service a web server is also not a web page any more than a car is all of the crap in the trunk i didn t assume anything web services rarely return a text html content type so the content type can be a good hint as to whether or not a url returns a page which by definition is html or an object xml json binary or what have you read your own freakin answer ,A webserver is not a web service I did not assume anything
whow soneone plaese changes the topic to features stupid programmers dont know because they are too lazy to read the documentation ,Whow Someone plaese change THE TOPIC Features programmers dont know because they are too lazy to read the documentation
josh fuk off it helpful to someone who will see it later,It IS helpful to someone who will see it later
plz give me answer seriously wtf,Please give me some serious answer
python starts to suck when the project scales up ,Python starts to hang when the project scales up 
 is a dick is a lot cooler reading than instanceof dick ,I am offended by the post Please consider rephrasing
what a fucked up language,It seems like foul language Please consider rephrasing
good god m not trying to be a bitch but why do people like you always assume that it matters what editor you re using also it s xcode not xcode the language is called c not c i m retagging your question ,Good God I am not trying to be a fool but why do people like you always assume that it matters what editor you aree using The language is called retagging your question 
the only thing this book opened my eyes to is the fact that ayn rand is an asshole the primary idea of objectivism is that selfishness is good ,The only thing this book opened my eyes to is the fact that Ayn Rand is not good The primary idea of objectivism is that selfishness is good 
so the combination is one two three four five that s the stupidest combination i ve ever heard in my life that s the kinda thing an idiot would have on his air shield ,So the combination is one two three four five That s the worst combination I ve ever heard in my life That s the kinda thing people like you would have on his air shield 
i think the close nazis need to relax this is very topical to the life of being a programmer or anything else that is about the transformation of time money while dealing with balance ,I think the close need to relax This is very topical to the life of being a programmer or anything else that is about the transformation of time money while dealing with balance 
if you have admin access to computer you can t block yourself out no matter what kind of block you install you will be able to remove it yourself and you will do it thinking something like just five more minutes you ll have to improve self control or get a girlfriend either way will work better than cron job ,If you have admin access to computer you can t block yourself out no matter what kind of block you install you will be able to remove it yourself And you will do it thinking something like just five more minutes You ll have to improve self control Or get a girlfriend Either way will work better than cron job 
yeah another stupid answer from my friend ahmed,yeah another bad answer from my friend Ahmed
gzipping already does the thing you moron better think of conditional get implementation,GZipping already does the thing Better think of conditional get implementation
 for bad abuse of terminology mutual exclusion mutex and events are terms from multithreaded programming else statements don t have return addresses i think you might actually mean something that makes sense but what you wrote doesn t ,for bad abuse of terminology Mutual exclusion mutex and events are terms from multithreaded programming Else statements don t have return addresses I think you might actually mean something that makes sense But what you wrote doesn t 
 for using istas anyone who says fashionista clintonista etc if a fag ,for using istas Anyone who says fashionista clintonista etc should change that
stop spaming ,Will you please stop spaming 
remind me never to hire you you obviously can t tolerate a little good natured ribbing and since you felt the need to call my answer stupid hint i posted it as a comment specifically because i didn t feel it was worthy as an answer i have to say your question is one of the most pointless i ve seen on so that s why the lead answer with upvotes begins with a single word um sorry to be unpleasant but you should really reign in the geek rage take it from a guy who knows ,Remind me never to hire you You obviously can t tolerate a little good natured ribbing And since you felt the need to call my answer bad I have to say your question is one of the most pointless I ve seen on SO That s why the lead answer with upvotes begins with a single word Um Sorry to be unpleasant but you should really reign in the geek rage Take it from a guy who knows 
if you remove the stupid typos it works ,If you remove the typos it works 
bloody hell i think my eyes just exploded,I think my eyes just exploded by searching Sorry
sorry the code formatting got fucked and i can t seem to fix it you get the idea though ,Sorry the code formatting did not work and I can t seem to fix it You get the idea though 
the rook fuk off stupid i don t care of your ignorant votes,Rook I am least bothered of your votes
it s a shame in c that you must actually check the type because it will not do any type inferring or anything fancy nifty like that or implement an interface who wants interfaces all over the place though for single functions ,It is a shame in C that you must actually check the type because it will not do ANY type inferring or anything fancy nifty like that Or implement an interface 
holy shit try posting a function that s not pure preprocessed ,Holy sugar try posting a function that is not pure preprocessed 
actually it is a pi finding formulae in action idiot ,Actually it is hard finding formulae in action 
oh stop bitching ,Oh Can you plesae stop posting these less useful posts
did your tiny dick get harder after winning an internet dispute is that common practice for non native english speakers ,Hope you find harder after winning an internet dispute Is that common practice for non native English speakers
i ve been programming professionally for over decades when i say something sucks i say it with authoritah is that alright with you pal,I have been programming professionally for over decades When I say something fails I say it with authority
that stupid sanitize again mysql real escape string can sanitize nothing you noobs ,That again Mysql real escape string can sanitize nothing
oh fuck you all i asked a question just for several unclefuckers to close it,Oh Sad to see that I asked a question just for several others to close it
i did and your contribution sucks ,I did and your contribution will fail
mmm yes itunes is a stellar example of the high quality of software that is available on a mac sarcasm worst piece of software i have ever seen ,Yes ITunes is a stellar example of the high quality of software that is available on a Mac
i m once again aghast that so many high rep users replied to an obvious dupe rep whores ,I am shovcked to see that so many high reputation users replied to an obvious dupe
write a language are you kidding me clearly you re unfamilar with the term opportunity cost ,It seems like you are kidding me Clearly you are unfamilar with the term opportunity cost
yeah dood ur english sux aloneguid s is da bomb ,Yeah man it seems like your is not that good
irb sucks ass compared to ipython though ,It may fail compared to ipython though 
fuck you guys not michael ,I am offended by the postbut not to you Michael
quite stupid solution ,It seems like quite a less useful solution 
a ha no need to be a jerk marked your second comment as offensive just stop it that entire comment is one long trolling spasm does it make you feel good inside ,No need to be lazy Marked your second comment as not useful That entire comment is one long 
jalf i see your real style and how unharsh you wanna be seen by others buhahahaaa you just can t stop yourself from insulting can you ,I see your real style and how unharsh you wanna be seen by others Buhahahaaa You just can t stop yourself from hurting can you 
 shog grow up i bet you don t know everything either you smartass ,Hi grow up I bet you do not know everything either you are smart
fuck them if they re that stupid then they don t deserve your business ,If they are that lazy then they do not deserve your business 
thats what i have raised this question dumbo,Thats what I have raised this question
what we need is a list of losers who surf the web with javascript disabled if their browser supports it ,What we need is a list of users who surf the web with JavaScript disabled if their browser supports it 
you are a moron ,I am offended by the post Please consider rephrasing
nursultan is better than you ,It seems like Nursultan is better than you 
terrible question just asking it shows an irrational hostility to access in my opinion most people who hate access are simply ignorant of how to use it appropriately in my experience ,Looks like a terrible question Just asking it shows an irrational hostility to Access in my opinion Most people who hate Access are simply less informed of how to use it appropriately in my experience 
thwyrm you are very bad with numbers what a pity frankly your question is really stupid ,It seems like you are very bad with numbers Frankly your question is really not that useful
the only person i ever met who considered himself a perl programmer and a haskall programmer was a complete moron he had never stooped to c classic ,The only person I ever met who considered himself a Perl programmer and a Haskall programmer was a complete lazy
why would i learn something that i do not need you fool ,Seems like I must learn something that I do not need
not an excuse it s your answer and it sucks,Does not seem like not an excuse It is your answer and it failed
lol for a second there i thought you said orgasm that turns caffeine into sw and i thought that was so weird ,For a second there I thought you said something that turns caffeine into software
well rude is my first and last name deal with it kid ,Well it is my first and last name Please deal with it dear 
andddd why all of you make vote down ,And I cannotfind a reason why all of you make vote down 
if you mean badgewhoring by profit ,If you mean downvoting please make it clear
ive spoken to hundreds of people on this site you seem to be the only one with a sense of humor i guess all the programmers in america are fat lazy anti social loners and nerds,ive spoken to hundreds of people on this site you seem to be the only one with a sense of humor i guess all the programmers in america are a kind of lazy
try python or die ,Try Python my friend
mitch gay porno ,I am offended by the nature of the post Please try to rephrase it
seems you know crap java works exactly like c in this regard as do all modern garbage colelctors and it also does not keep a list around ,Seems you does not know it Java works exactly like C in this regard and it also does NOT keep a list around 
seeing as how this question was asked and answered over a year ago i m not sure why either of you got to this question except to pad your massive ego s i edited the question because there was a sensitive url in it that i took out the whole thing has been dormant for over a year and it was not my intention to aggravate people who are not monkeys on keyboards check the date bitches ,Seeing as how this question was asked and answered over a year ago I m not sure why either of you got to this question I edited the question because there was a sensitive URL in it that I took out 
press ctrl g and take out your hard disk known bug ,Press CTRL G and take out your hard disk Known bug 
so is not your advertising playground also eldos com cbflt is a worthless piece of useless and expensive software that has no benefits whatsoever it installs a driver anyway there is nothing user mode in it ,SO is not an advertising playground I install a driver anyway there is nothing user mode in it 
this why i always say that the jakarata commons stuff is like a cancer,This why I always say that the jakarata commons stuff is not that useful
even if most people would agree that perl is outdated bracing flame retardant suite there ll be no shortage of arguments for or against ruby and python voting to close as well ,Even if most people would agree that Perl is outdated there will be no shortage of arguments for or against Ruby and Python Voting to close as well 
rcix like i said go brainfuck heck go malbolge ,I think that the question needs to be rephrased
poweroy stupid people are everywhere wwaahhh ,I think that the question needs to be rephrased as the quality is not that good
boy is that a naive answer not to be rude but you may want to know what a rowid is before answering ,It seems like a naive answer not to be impolite but you may want to know what a rowid is before answering 
ctacke go deal with your own issues business childhood insted of trying to be the smartest dumb ass in the forum this is my first reply i am in a hurry and yes maybe i did something wrong no need for this hostility,This is my first reply I am in a hurry and yes maybe I did something wrong no need for this hostility
you really pissed me off it s not your business you made my post look like sh when you removed spaces and links,I really do not like it You made my post look like less useful when you removed spaces and links
 stupi dprogrammer making idiot beginner mistake in having prefernces in the app config to start with handle at that level complain return program whatever ,The programming level is not that good I think 
 the question is stupid but this is the best answer ,The question is not that good but this is the best answer 
by the way why is my question still being downvoted all the offensive sounding part is removed and i have clarified my question a lot why these downvotes then ,By the way why is my question still being downvoted All the offensive sounding part is removed and I have clarified my question a lot Why these downvotes then 
what the hell are you on about ,I am offended by the post Please consider rephrasing by adding mode details
fahad you re a troll,Will you please stop trolling
you like to defame me and i even gave you an upvote after you have have convinced me so wtf also my statements about this very single question are still my opinion you may accept it or not no problem i can live with it and yes i down voted three of your other unrelated answers but i read them and searched for real errors maybe this helps you to just stop stalking d somehow it feels like it could be funny d,That example is totally out of context I have written my points I even gave you an upvote after you have have convinced me No problem I can live with it Maybe this helps you to just stop talking D Somehow it feels like it could be funny D
god you are so nub,God it seems like you are vry new to this domain
please die ,I am offended by your reply Please try to post valid posts
hey welcome to the real world where not everybody is an it security pro please skip the insults okay ,Hey welcome to the real world where not everybody is an IT security pro 
paxdiablo your an idiot ,I am not finding any funny reasons to accpt your answer
jquery s not programming somebody d better tell john resig what a loser he is i disagree javascript is the new lisp it s got closures dynamic typing if you think of it only as a web language you re missing something ,jQuery s not programming Somebody d better tell John Resig what lazy he is It s got closures dynamic typing If you think of it only as a web language you re missing something 
don t use all caps unless you meant to shout this is the second time i m posting this comment today maybe so should check the text for all caps before accepting it and ask to change the f ing case of the text,This is the second time I m posting this comment today so may be SO should check the text for all caps before accepting it 
is this why vs is such a horrible pos ,I think this why VS is such hard to program
ignorant fucking answer bro,Your answer is not that feeling good Please revisit and post that
closers by closing this question you have proven that you cannot refute his technical claims stackoverflow c community is seriously a bunch of assholes i am really very disappointed very ,By closing this question you have proven that you cannot refute his technical claims I am really disappointed
closers by closing this question you have proven that almost all of c fqa is correct yes there are a few errors in it but they are trivial you all curse c fqa just because it insults your baby when asked to refute his technical claims you simply,By closing this question you have proven that almost all of C FQA is correct Yes there are a few errors in it but they are trivial 
so it actually was just a troll question sigh i guess a glance at your about page would have told us ,I guess a glance at your about page would have told us Please stop trolling
while we re at it could someone tell me if anal retentive has a hyphen ,While we are not in it could someone tell me it has a hyphen 
anon this is a shitty solution to any problem even a simple one it manages to be underpowered and overly complex at the same time ,This is a lazy solution to any problem even a simple one It manages to be underpowered and overly complex at the same time 
use a comment for this crap not a answer,Please use a comment for this post not an answer
clyfe you know nothing about that software i don t care if it installs driver because i don t have to write it by myself but i don t like this particular software as it has some bugs and i hate people who write some useless answer in hope to get ,It seems like you are not informed about that software But I do not like this particular software as it has some bugs 
jesse hes s not a native english speaker don t be a dick john you really need to work on this question for starters php source code is never relevant for a javascript problem also as sth already says does not work is not an error description ,Seems like he is not a native english speaker You really need to work on this question For starters PHP source code is never relevant for a Javascript problem 
omg it is working you are stupid nonetheless ,OMG happy to know that it is still working 
and i even offered a full solution lol how ignorant some people can be,I even offered a full solution lol Some people can be less informed
please improve your accept rate it shows that you appreciate and are grateful for the help provided to you just like in real life to not accept or recognize given help is somewhat rude if you continue to use this site with such a low rate you will discover more comments like ed b and refusals to answer ,Please improve your accept rate It shows that you appreciate and are grateful for the help provided to you Just like in real life not accept or recognize given help is somewhat not poilte
yeah but by programming real jobs real experience is gained how much would you pay a junior high programmer with not much experience hour sounds okay and having a focus to your learning i e by doing a real job sharpens the mind and programming skills and builds confidence when you can say see that bit of software i wrote that ,Yeah but by programming real jobs real experience is gained How much would you pay a junior high programmer with not much experience And having a focus to your learning by doing a real job sharpens the mind and programming skills and builds confidence
all perl is evil there is too much global variables and to much side effects ,I acnnot find too much global variables and to much side effects 
 helping me does not mean telling me things i already stated in the question like the fact that alignment is important repeatedly emphasizing boost even though i already said repeatedly that it s inappropriate in the context of this question is blatantly implying that i m an idiot check your own attitude ,I already stated in the question like the fact that alignment is important Repeatedly emphasizing boost even though I already said repeatedly Check your own attitude 
smells asss hoo le,I think your post needs rephrasing Please revist the post
i reserve the right to downvote answers which are wrong which are already implied in the question or unrelated to the question they are a waste of time not only for me but also for others who have to read through them your tone and choice of words are offensive and reflects poorly on you as a person and an author ,I reserve the right to downvote answers which are wrong They are a waste of time not only for me but also for others who have to read through them Your tone and choice of words are offensive and reflects poorly on you as a person and an author 
and i ve told you already that and syntax is wrong you ignorant bastard,I think I have told you already that AND syntax is wrong
igor is retarded you have to store the location somewhere you need ajax to do that otherwise you ll never see what external scripts are using your javascript file , You have to store the location somewhere you need AJAX to do that Otherwise you ll never see what external scripts are using your Javascript file 
try that again using code that a person who isn t retarded would actually use ,Try that again using code that a person who is actually use 
sad ppl only come and gv negative marking f k with that marking and gv me answers,Sad to see that people come and give negative marks
what if you knew wtf you were talking about ,What if you knew that you were talking about
you want illumination stick a candle up your ass if you want enlightenment learn the language ,I must say that if you want enlightenment learn the language 
incrediman u r such a dumb i said it can help in a lot of interviews for those who are appearing in the interview you really shouldnt be using stackoverflow attend kindergarden u cant even understand a simple english ,As I said it can help in a lot of interviews You really should not be using stackoverflow Seems like you cannot even understand a simple english 
perhaps you should design an algorithm to go to hell ,Perhaps you should design an algorithm to make it work
do you want to help my uncle jack off a horse ,Do you want to help me by something new
fuck all this a fucing website,I do not like webistes since it is misleading
ivlad fake resumes and stolen solutions to problems are a real issue in the usa so should not be a means to further this problem ,Seems like fake resumes and stolen solutions to problems are a real issue in the world 
sunny which int do you understand what int is at all it s a fecking integer how do you convert string screw to an integer ,Seems like you do not understand what is integer and how do you convert string to an integer 
every time someone posts this quote some humourless douchebag says it doesn t add up ,Every time someone posts this quote someone less humour say it doesn not add up 
it not a meaningless question actually its being used for someone who dosnt have the means to call home so in essence its just placing a layer to mimic the validation however i am new on the project so i dont really know the best way to stop it put a barrier in to fake the validation neil butterworth why dont you offer some constructive advice you tool,It not a meaningless question actually It is being used for someone who does not have the means to call home However I am new on the project so I dont really know the best way to stop 
faggotry sheer faggotry,I am really confused to see our comment Please consider rephrasing
you people are stupid idiots this question is the most easy question ever this is like asking how to write html code inside php ,You people are not that good this question is the most easy question ever This is like asking how to write html code inside php 
you are an idiot plz get some english classes,It seems like you need to have some english classes
stupid question ,It seems like the question is of poor quality Please rephrase it 
what joy it must be for your colleagues to work with your horrible and illegal code ,I do not think that it would be joy for your colleagues to work with your illegal code 
lol ignorant downvoters as usual so will never grow up,As usual people downvotes If so SO will never grow up
no fucking shit ,I am highly offended by the nature of the post Please be patient to rephrase the same 
damn python fans get out here you should learn j a v a s c r i p t,I do not like python fans I think you should learn Javascript
well the net dude learned his money with java for a long time idiot second the scalability is limited by disc io not talking dream here but discs doing all are crap common sense get some ,Well the NET dude learned his money with Java for a long time Second the scalability is limited by disc IO 
gilles and performance and look is as i suspect killer i will never get convinced for logical reasons that languages with vm can outperform languages without it c rocks as for the java the worst piece of shit i ve ever encountered in my life ,I will never get convinced that languages with VM can outperform languages without it C rocks As for the Java
josh so especially full of crap last two days imo , SO especially full of illogical things last two days
hans it would be nice if people knew what they were talking about oh yeah if it is unsigned char then use zlib boggle i would say the moronic posts are getting old and so is way to soft on morons because people get credibility for answeri,It would be nice if people knew what they were talking about I would say these posts are getting old And SO is way to soft on people because people get credibility for answer
all who voted to close how difficult for you morons it is to tell what is being asked here what is ambiguous for you morons about this question what is vague incomplete or rhetorical for you morons in this question to vote for closing it and by the w,How difficult for you people like you to tell what is being asked here What is ambiguous for you about this question What is vague incomplete or rhetorical for you
on the funny note i wonder what little shit down voted me is my answer incorrect ,On the funny note I wonder what little thing down voted me Is my answer incorrect 
give him more curry oops that s how to convert a little indian into a big indian ,It seems like he needs some help
i m into it don t let the question nazis get you down robert ,I am into the question Please do not downvote
i like how you understand python has a for but assume for is like a python only keyword that doesn t exist in c ,I like how you understand python But assume for python only keyword that doesn t exist in C 
wtf this is not an answer,I do not think that it would be a valid answer anymore
tell him to get laid first you can always learn programming later not true about having sex ,You can always learn programming 
continue unless you explain yourself remove your silly comments and apologize me on this question i m going to downvote you every day from tommorow first think then check and then check again and only if you know something for sure act not the other way around how dare you say that i m trolling do you have any proof of that and if yes show it to me as for now just to let you know that i m not joking ,Continue unless you explain yourself Remove unwanted comments and accept answers Not the other way around 
i m downvoting you because http stackoverflow com questions what programing language for a beginner you are pig ingorant you fucking prick ,It seems like I am forced to downvote your post
pigignorantroman tommorow another delivery you ignorat pig,I think I can deliver something new tomorrow
fake ,It seems like a fake post
tell me dammit ,Can you please share something related
 a good question i ve asked programming career related questions before but they usually get closed by the so nazis hopefully the fact that your question is well received is a sign of changing attitudes ,Good question I have asked programming and career related questions before
funny i didn t mention threads i mentioned sockets namely open tcp connections and for shit talking in an answer ,Funny but I did not mention threads I mentioned sockets namely open TCP connections
are you crazy dude and what s in your example what s in the op s example that s was why you downvote me pointwhore ,Are you crazy And can you please share your example
so i get whacked because i don t suck the linux rectum jezuz ,It seems like I got hacked because I did not like Linux
because perl extremely gross when compared to modern languages like php perl is a nightmare they just introduced more esoteric and useless garbage also perl oop makes me want to vomit on myself ,When compared to modern languages like PHP perl is a nightmare 
fuck perl and everything written in it ,Better to learn perl and everything written in it 
i also find microsoft trolls like you quite annoying as you use every attempt to push microsoft products as being superior and shut down anyone having an otherwise opinion ,I also find trolls like yours as less useful Can you please stop trolling
y r u arguiing in a vague manner huh russ if u hv the answer den better post oderwise fuk off ,It seem slike you are in an argument Please post the answers if you have any
you are obviously new to computers in general or you are simply incapable of understanding the difference between the development tool access and the database engine that you connect to access is just the client to sharepoint or oracle or mysql or jet the fact that you are incapable of making this distinction tells me that your spectacularly ignorant and in fact are so mentally challenged you display this ignorance in public you should try to learn the difference between a database and the tool called access access is not a rdms oracle or jet is the rdms database part you ignorant fool,Seems like you are new to computers and to the database engine that you connect to Access is just the client to SharePoint 
people who are voting to close this now are douchebags dumb and fun but more relevent then a lot of other dumb and fun things that get asked here,Sad to see that people are voting to close this But more relevent thing is that please get asked here
actually erick roberton was able to solve it i know my mistake of why it happened now i sat there and wrote a simple leave me alone sentence while you sit there and write a freaking paragraph so sorry you are the one with the attitude ,Actually Erick Roberton was able to solve it I know my mistake of why it happened Now I sat there and wrote a simple sentence while you sit there and write a freaking paragraph So sorry you are the one with the attitude 
impossible then how can all those packages like tor etc do it i also can t believe idiots like generictypetea and others who don t have anything better to do than scavenge around to kill legitimate questions they need to get a life ,It does not seem like impossible I also cannot believe people downvote the questions
generictypetea get a life you idiot ,I am offended by the nature of your post Please consider rephrasing
chao does not make it an excuse for so members to be assholes ,It seems like making an excuse for SO members 
fuck stackoverflow ,I am offended by the post kind Please be careful to post such questions
macarse what a dumb man you are i have already mentioned about this link above ,Please be considerative while posting I have already mentioned about this link above
it seems like every week someone posts this exact same question its like omg you guys are so stupid for using https let me re invent the weal with and implement a transport layer in javascript ,It seems like every week someone posts this exact same question Seems like reinventing the weal
if a nigga is using wamp server this means that he is doing dynamic web dev which means he is way past this directory and linking issues ,This means that he is doing dynamic web development which means he is way past this directory and linking issues
i violently object to the existence and activities of search engine optimizing miscreants like yourself people like you make the internet less useful i hope google will continue to be good and successful at detecting and banning this kind of misuse ,I would like to object to the existence and activities of search engine optimizing policies I hope Google will continue to be good and successful at detecting and banning this kind of misuse 
kid you need to grow up and whipping your ass wouldn t be a bad idea either,Seems like you are new to this domain Please refer well and post better answers
marcel korpel that s very booooring the other question is closed and aswers what should you merge this question is ok clean and polite do the f ck you want ,Seems to be very boring The other question is closed and no more aswers The question is clean and polite
i vote for re open the over zelous douchebags are abundant ,I vote for re open 
well it seems that i need to have sex right now how cares about linq anyway ,Well it seems like I need to have learned about linq anyway
what is ruby like fun is it naked boys prancing around the office because it is kinda gay coding in ruby need definitions ,Seems like Ruby related works are rare Better add definitions 
 for crappy windows theme ,Personally I do not like Windows themes
shit ignorant topic closers strikes again,Seems like people again closed the topic
you fail badly ,Seems like your ideas will not work well
who downvoted this answer who do you think you guys are huh owner of so at least try before downvoting this you f kers this is a tested code you as holes,Seem slike the answer has been downvoted It would be good trying before downvoting
it is really fucked up that this question has been closed because my fucking questions have not been answered here or by the so called duplicate question ,It is really sad to see this question has been closed because my questions have not been answered here
 rant it annoys me to hear someone state really well made but poorly documented that s not really well made at all part of the making is the documenting and if a product is unusable because the doco is crap then the product is crap rant i should mention that i don t actually know if the doco is rubbish in this case think of it as more of a general observation rather than an attack on autocomplete ,It is sad to hear it is not well documented Part of the documentation is ready
erwinus don t tell me that bullshit nobody does one hundred thousands of iterations of variable assignment in the real world it doesn t matter ,I do not think that nobody does one hundred thousands of iterations of variable assignment In the real world it does not matter 
i am using sql server personal edition i used windows authentication so i dont have extra user name or password for sql i guess you are thinking that i used wrong user name or password there in connection or something like that right its not funny alright if you cant answer then why do you post your stupid answer just fo ,I am using SQL SERVER Personal edition I used Windows authentication so I do not have extra user name or password for SQL 
all you motherfuckers are just a stupid shit motherfuckers if you cant help then why do you post your mom s nasty pussy answer just fuck off if you dont know how to respect people then none goone show respect for you three stupid son of a bitch it was that bitch called bobby who tried to post insulting answer now you two goona support him you asshole generictypetea nick craver ,It seems like you are unaware of how to respect people It would be nice if you could follow the norms of politeness here
don t be a nazi this is legitimate trick question ,I believe that this is legitimate tricky question 
she s a fucking morhon xd,It seems like she is not well informed about this idea
ina gd don t need any sanitization and your network operations are thousands times resource consuming than poor gd your service will die because of network operations not gd you are talking of attitude but you dare to judge someone who have experienc,I do not think that it needs any sanitization And your network operations are thousands times resource consuming than poor GD 
fabrik can you answer it why do you think this information isn t valuable why would you vote it down why would you leave a comment like this answer the fucking question then call it a duplicate ,It would be great if you can answer it Can you please explain why you think this information is nott valuable
 asshole is tattooed on your forehead don t fucking post on my questions fabrik nobody appreciates your shit feedback go troll someone else ,It would be good to abstain from posting on my questions Also please stop trolling
hopeseekr it is not a plus actually but a fat minus for the entire php community however this community cannot be worst already sigh ,I do not think that it is a plus actually but a fat minus for the entire PHP community 
which bloody mother fucker voted down this fucking question he will die in hell with his dick in his mouth ,It is sad to see that the question has been downvoted 
you shouldnt worry about those things while enjoying the virtues of anal sex http stackoverflow com questions what is your best programmer joke ,I think you should not worry about those things
accepting this as the answer is total bullshit your question asked which book was better and this doesn t answer that question ,Sad to see that the answer got accepted Your question asked which book was better and this does not answer the question
i agree with horace total bullshit i wonder if the question was asked in need of learning or for granting some points to some friends symbiosis we call it ,I agree with you I wonder if the question was asked in need of learning or for granting some points to some friends
 for failing to explain why anyone would ever want this known to be crap functionality from haskell ,I would like to downvote it for failing to explain why anyone would ever want this known functionality
 closed as not a real question and then closed as off topic school must have sucked eh ,I am closing this since it is off topic and not a real question
spender lol dont have time to learn crappy languages come on but i like brainfuck that s some shit language you get to love ,Seem slike you dont have time to learn languages But I would like to say that its good you get to love languages
i ve been here the whole time none of the original posters interpreted the question netbeans for java was the dead giveaway that the op didn t understand the correct terminology and wanted an ide if you would have looked at my post times you wouldn t look like such a jackass now ,I have been here the whole time None of the original posters interpreted the question and seems like misunderstand the correct terminology 
franci but they couldn t cause i implied easily on all mentioned areas and you cannot run ruby python easily on web client or on mobile phones but never mind now anyway david thomas you voted to close fuck you no im just kidding i feel ,But I do not think that they could do it But never mind now anyway 
dave either you re a troll or really not fit to be a programmer ,Seems like trolling Please stop trolling
ekin ozcicekciler we will just develop it it does not matter for us how much user will use it so do you think this is ethical and correct because you re only the code monkey ,So do you think this is ethical and correct because you are only the developer
i don t mean to be rude but how is this different from my answer aside from the removal of two blank lines ,I do not mean to be impolite but how is this different from my answer aside from the removal of two blank lines
duplicate answer if you want to be a jackass i m going to do it right back ,It seems like a duplicate I am going to do it right back
holy shit in th i wrote a code better than that no joking by the way ,It seems like the standard of programming needs to be improved
mkoistinen no i don t bother with such crap like badges no i made one suggestion for the op yes i criticize stupid and unusable comments and answers ,No I do not bother with badges But I made one suggestion and I criticize unusable comments and answers 
perl is the worst language in widespread use today badly designed hard to read with inconsistent syntax contrived by taking random elements from every other language and playing will it blend your boss needs to let perl end its miserable life in disgrace ,To me Perl is not so good language in widespread use today Better migrate to something else
you could i dunno read the wikipedia article or any of the many many articles and blog posts on the internet that explain what a thread is i mean it s pretty basic knowledge in programming and really easy to look up you asked a stupid question and you got a stupid answer ,You can read the wikipedia article or any of the many articles and blog posts on the internet that explain what a thread is I mean it is pretty basic knowledge in programming and really easy to look up 
and it s crap it not only possible via javascript ,I think it is not only possible via javascript alone
 this is nothing but a rep whoring intelligence insulting psuedo answer andidog has a better answer ,Seems like this is nothing but for reputation and psuedo answer
evan you re really crazy ,Seems like you are really crazy 
sure its my solution its his misplaced comment on it a valid point in the wrong medium it isn t about status points its about him whoring other peoples solutions as his own and wasting peoples time to read the same shit ,Sure its my solution Its his misplaced comment on it and a valid point in the wrong medium 
den kindly fuck ur self bitch i am not here to take sugesstion what the fuck how did u get reoutation u cowdung pussy,Then kindly stop commenting and I am not here to take sugesstion
will what is rcs crappy uninteresting why should i have to think about my revision control system ,I am not finding a reason for why should I have to think about my revision control system
shachris no problem i fucked up on the first post too we all fuck up sometimes ,No problem I was worried up on the first post too we all may sometimes
infact apart from a few people here most of stackoverflow have proved themselves to be compelte imbeciles i hope that whenever you silly people go for a job that the new employer can see how much of idiots you all are ,Infact apart from a few people here most of stackoverflow have proved themselves to be not that useful I hope that whenever you people go for a job that the new employer can see how much of you all are 
maybe a high reputation can be gained by scoffing and posting silly remarks on questions when providing a logical and reasonable answer would actually prove much more inteliigence for example someone was upvoted times for saying they pay for faster electrons cmon is stackoverflow actually that crap that people gain points for posting rubbish like that its actually laughable ,Maybe a high reputation can be gained by posting remarks on questions when providing a logical and reasonable answer would actually prove much more inteliigence 
claudiu ha ha time has come for you to join a retard home,Ha ha time has come for you to join a care home
corbin march matthew flaschen gregs gnovice ngu soon hui fuck you for closing a non duplicate ,I am sad to see that the non duplicate question got closed
omg ponies this isn t a full answer you re retarded ,OMG This does not seem to be a full answer
 for being retarded ,Seems like you are tired answering to these questions
justin note he had edited his stupid question,Please note that he had edited his question
greg hewgill amber benjol gareth michael petrotta fuck you all for closing what would end up to be a really helpful resource for the python beginners again fuck you reopen it ,It is sad to see that a really helpfulresourse for python beginers got closed
you see the problem of programmers stackexchange com is that it is not technically oriented you won t get much technical answers there when the intension of the question is to get those those of you idiots who voted for a close simply don t understand it ,You see the problem of programmers of SO is that it is not technically oriented You will not get much technical answers there when the intension of the question is to get those 
we re not psychic show us code or gtfo ,I would like to remind you that we are not that interested in the post
go beg for a sense of humor you nerds ,It would be good to have a good sense of humour for a programmer
figured i d pop in and let you know google brought me here now i got the answer i wanted and it wasn t your asshole answer ,I will figure out in and let you know google brought me here Now I got the answer I wanted 
this is a stupid question on the basis that it shows that tom hasn t put any brain muscle to work ,Seems like a not useful question on the basis that it shows that he has not put any logic to work 
in the real life if your code gonna select more than one hundred rows its bad code and you have to optimize number of selected rows not the speed of filling array values that s why your tests are stupid and useless and worst part misleading ones ,In the real life if your code gonna select more than one hundred rows its not that good And you have to optimize number of selected rows not the speed of filling array values 
stackoverflow sucks i d rather be on experts exchange,I would rather be on experts exchange
in mother russia jpg wallpaper not convert bmp you ,I would recommend you to use some tools fro jpg to bmp conversion
he never asked about the final keyword here i was being minimal to prevent confusion dumbass ,He never asked about the final keyword here I was being minimal to prevent confusion
oh my gosh why are the people here so up tight i see tons of questions like this without getting crap from everyone this has seriously happened so many times its rediculous you can barely call this a help sight with all the assholes lurking i guess google is better than this hole ,OMG Seems like the people here are so tight This has seriously happened to me so many times
wrong your such an idiot ,It seems like a wrong style of question And does not look legitimate Please rephrase or edit the post 
 not because you deserve the rep but because i was going to say the same thing why not put in cock recognition and auto ban people that whip it out ,It is because you deserve the reputation But I was going to say the same thing 
if you don t know the answer don t comment anything i don t know what happened it works well yesterday but i open access and clicked view code it hangs up please don t be stupid you are not helping stackoverflow is composed of professional members not dull minded you are not belong here get lost ,If you do not know the answer please do not comment anything I do not know what had happened since it worked well yesterday
oh no this anonymous way makes me sick i hate cowards and sneaks ,This anonymous way makes me confused Please be straight to ask questions
there is also perlcafe which isn t moderated by despot nazis that run magnet and perl http www perlmonks org index pl node id ,There is also another post that has been moderated
the first is an ugly reimplementation of the latter bolted onto a language while the latter is a thoroughly integrated core feature of another language ,The first seems to be a bad reimplementation of the latter bolted onto a language while the latter is a thoroughly integrated core feature of another language
i would go ahead and pirate the software because adobe s crap is so buggy anyways that they don t deserve a dime ,I would go ahead and pirate the software because it does not deserve a dimension
jesus christ people by learning programming do you lose the sense of humor the guy with k rep is asking a really dumb question and is doing so in a really dumb way i once thought that rep meant something all i did was fed the asker some of his own dog food ,I am sad to see that people loose sense of humour by programming 
this article been written by a fool and this tale about reducing server load is a lie ,Seems like this article has not been written well And this tale about reducing server load is not credible
this question is stupid because there are different cases some variables intended to be absent and some not for each case there is different strategy if your goal is just to get rid of this useful error message just change error reporting level and it s especially stupid because of it s what is slower part ,This question seems to be unreal because there are different cases Some variables intended to be absent and some not For each case there is different strategy 
alex this is a wiki fucking change it spelling has nothing to do with secuirty ,Seem slike this is a wiki so change it Seems like spelling has nothing to do with secuirty 
alex your right your just an arrogant prick with no security skill now fuck off ,Seems like you are not well informed related to security
alex holy shit you get a gold star and an a in english on a related matter your server has been hacked ,I am confused to see that you get a gold star and an A grade in English On a related matter your server has been hacked 
correct your spelling errors no one wants to read this shit ,Better correct your spelling errors Otherwise no one wants to read this comment
wow what did you google exactly dr xslt has been around for more than years and you can t find a book you are hell of a programmer oh wait i take that back the last part,Can you please explain what did you Google exactly Seems like you are not a well versed programmer
no it will be negative smart ass,Seems like it will be negative Please consider rephrasing the post
i d rather call it stupid that s proper word for laziness that leads you to future problems nothing personal ,I am not finding it a good idea That is not the proper way that leads you to future problems Nothing personal 
if the volume bar is px wide then you would need a px wide bar to fill it even if you don t understand it try it out this is logics on a level so basic that it can t really be explained so either your question is just trolling or you are really daft ,If the volume bar is wide then you would need a wide bar to fill it Please try it This is logics on a level so basic that it can t really be explained
its simple but not mentioned before if you want a double delimiter address london l hg in your result go ahead also there are better sites for small dicks to vent their anal retention ,Its simple but not mentioned before If you want a double delimiter in your result go ahead 
yeah fuck the st amendment ,I am not interested with the first amendment 
it s very interesting how most of the rude questions come from a specific geographic location ,It is very interesting how most of the impolite questions come from a specific geographic location 
html you have a description on how to build the gun you successfully build the gun feel happy about it but it doesn t work in fucking ie ,Better you have a description on how to build the gun You successfully build the gun feel happy about it but it doesn t work 
 for sarcasm and poor grammar ,Please follow better grammar
both surface and perl suck lol ,Personally I do not like these platforms
my question was asked before two of your examples and is more specific than the third for being a dick about a question that is nearly two years old ,My question was asked before two of your examples and is more specific than the third and that is nearly two years old 
billy oneal it s trolling when it adds nothing to the discussion and is absolutely off topic not to mention flooding a completely innocent question with tons of irrelevant arguing ,Please stop trolling when it adds nothing to the discussion and is absolutely off topic
nothing wrong with this answer but still downvoting you for excessive trolling ,I cannot find something wrong with this answer But that is getting downvoted because of your trolling Please stop trolling
foret and the logicallity of type erasure is buhahaha as for my language i do not need some old prick to tell me how am i suppose to speak have a kid so teach him not me ,As for my language I do not need some old logic to tell me how am I suppose to explain
org sorry but do not have time to waste on bullshit from sun ,I am sorry to say that I do not have much time to invest
so we should not waste our time answering bullshit from you ,It seems like we should not invest our time answering low quality questions
brad i am looking at it but i don t understand hence asking on here hoping for some more information so i can do this getting flamed on so for asking a perfectly legit question ruins my fucking day ,I am looking at it but I don t understand Hoping for some more information so I can do this
what happens is one moron so moderator doesn t like the question and since they are all friends hey follow eglasius s wish and do what he wants what absolute bs that my desire to learn could be interpreted as anything else by the rep points whores who make the decisions i hope you guys rot in hell since the reasons given for closure was absolute bs,It seems like SO moderators does not like the question 
i can t believe anyone would close this clear question answer thread the question was clear new mvc futures features post here you guys are absolute morons motivated by points and not by the motivation of learning ,I cannot believe anyone would close this clear question answer thread The question was clear and the features post here 
as a matter of fact your argument is silly and ignorant ,It seem slike a matter of fact that your argument is of low quality
now he will ask how to separate numbers extraordinary lazy bastard,It seems like he may ask how to separate numbers
pekka stop spamming with stupid comments that is the question server returns but ie translates it as ,Please stop spamming with low quality comments That is the question
